<?xml version="1.0" encoding="UTF-8"?>
<project-private xmlns="http://www.netbeans.org/ns/project-private/1">
    <editor-bookmarks xmlns="http://www.netbeans.org/ns/editor-bookmarks/2" lastBookmarkId="0"/>
    <open-files xmlns="http://www.netbeans.org/ns/projectui-open-files/2">
        <group>
            <file>file:/C:/Users/ragha/OneDrive/Documents/NetBeansProjects/hajjreservationsystem/src/hajjreservationsystem/Pilgrim.java</file>
            <file>file:/C:/Users/ragha/OneDrive/Documents/NetBeansProjects/hajjreservationsystem/src/hajjreservationsystem/Vaccine.java</file>
            <file>file:/C:/Users/ragha/OneDrive/Documents/NetBeansProjects/hajjreservationsystem/src/hajjreservationsystem/paymentAdapter.java</file>
            <file>file:/C:/Users/ragha/OneDrive/Documents/NetBeansProjects/hajjreservationsystem/src/hajjreservationsystem/Payment.java</file>
            <file>file:/C:/Users/ragha/OneDrive/Documents/NetBeansProjects/hajjreservationsystem/src/hajjreservationsystem/HajjReservationSystem.java</file>
            <file>file:/C:/Users/ragha/OneDrive/Documents/NetBeansProjects/hajjreservationsystem/src/hajjreservationsystem/paymentInterface.java</file>
        </group>
    </open-files>
</project-private>
